<!DOCTYPE settings SYSTEM "settings.dtd">

<settings>
  <dl_settings NAME="lights control">
    <dl_settings NAME="lights">
      <dl_setting var="strobe_light_mode" min="0" max="6" step="1" module="light/light" values="OFF|ON|BLINK_1|BLINK_2|BLINK_3|COMPLEX_1|COMPLEX_2">
        <strip_button name="LightOn" icon="on.png" value="1" group="light"/>
        <strip_button name="LightOff" icon="off.png" value="0" group="light"/>
      </dl_setting>
      <dl_setting var="nav_light_mode" min="0" max="4" step="1" values="OFF|ON|BLINK_1|BLINK_2|BLINK_3"/>
    </dl_settings>
  </dl_settings>
</settings>
