<!DOCTYPE settings SYSTEM "settings.dtd">

<settings>    
  <dl_settings>
    <dl_settings NAME="Sonar Buoys">
      <dl_setting var="buoy_1" min="0" step="1" max="1" module="deploy_sonar_buoy/deploy_sonar_buoy" values="Secure|Deployed">
        <strip_button name="Secure"  value="1"/>
        <strip_button name="Deployed" value="0"/>
      </dl_setting>
      <dl_setting var="buoy_2" min="0" step="1" max="1" module="deploy_sonar_buoy/deploy_sonar_buoy" values="Secure|Deployed">
        <strip_button name="Secure"  value="1"/>
        <strip_button name="Deployed" value="0"/>
      </dl_setting>
    </dl_settings>
  </dl_settings>
</settings>
