<settings>
  <dl_settings>

    <dl_settings NAME="FMS_TS">
        <dl_setting var="fms.enabled" min="0" step="1" max="1" module="booz_fms" shortname="enabled" values="OFF|ON" handler="SetEnabled">
        <strip_button name="FMS ON" icon="on.png" value="1"/>
        <strip_button name="FMS OFF" icon="off.png" value="0"/>
      </dl_setting>
      <dl_setting var="fms_test_signal.period" min="1" step="1" max="1024" module="fms/booz_fms_test_signal" shortname="period" handler="SetPeriod"/>
<!--      <dl_setting var="booz_fms_test_signal_amplitude" min="0" step="100" max="183000" module="booz2_fms_test_signal" shortname="amplitude"/> -->
      <dl_setting var="fms_test_signal.mode" min="0" step="1" max="2" module="fms/booz_fms_test_signal" shortname="mode" handler="SetMode" values="STEP ROLL|STEP PICTH|STEP YAW"/>
    </dl_settings>

  </dl_settings>
</settings>