

<!DOCTYPE radio SYSTEM "radio.dtd">
<radio name="T9cap" data_min="900" data_max="2100" sync_min="5000" sync_max="15000" pulse_type="POSITIVE">
  <channel ctl="right_stick_horiz" function="ROLL" min="1939" neutral="1525" max="1114" average="0"/>
  <channel ctl="right_stick_vert" function="PITCH" min="1112" neutral="1518" max="1937" average="0"/>
  <channel ctl="left_stick_vert" function="THROTTLE" min="1940" neutral="1940" max="1115" average="0"/>
  <channel ctl="left_stick_horiz" function="YAW" min="1940" neutral="1498" max="1115" average="0"/>
  <channel ctl="switch_G" function="CALIB" min="2080" neutral="1525" max="969" average="10"/>
  <channel ctl="VRA" function="GAIN1" min="970" neutral="1520" max="2078" average="10"/>
  <channel ctl="VRC" function="GAIN2" min="970" neutral="1518" max="2077" average="10"/>
  <channel ctl="switch_C" function="MODE" min="2079" neutral="1526" max="966" average="10"/>
</radio>
