<!DOCTYPE airframe SYSTEM "airframe.dtd">
<!-- rc 41.050 -->
<airframe name="Microjet6 Tiny 1.1">

<!-- commands section -->
  <servos>
    <servo name="GAZ"           no="0" min="1000" neutral="1000" max="2000"/>
    <servo name="HATCH" no="2" max="2000" neutral="1000" min="1000"/>
    <servo name="AILEVON_LEFT"  no="6" min="1075" neutral="1518" max="2025"/>
    <servo name="AILEVON_RIGHT" no="3" min="1975" neutral="1595" max="975"/>
  </servos>

  <commands>
    <axis name="THROTTLE" failsafe_value="0"/>
    <axis name="ROLL"     failsafe_value="0"/>
    <axis name="PITCH"    failsafe_value="0"/>
    <axis name="HATCH"     failsafe_value="0"/>
  </commands>

  <rc_commands>
    <set command="THROTTLE" value="@THROTTLE"/>
    <set command="ROLL"     value="@ROLL"/>
    <set command="PITCH"    value="@PITCH"/>
    <set command="HATCH"    value="@GAIN1"/>
  </rc_commands>

  <section name="MIXER">
    <define name="AILEVON_AILERON_RATE" value="0.4"/>
    <define name="AILEVON_ELEVATOR_RATE" value="0.7"/>
  </section>

  <command_laws>
    <let var="aileron"  value="@ROLL  * AILEVON_AILERON_RATE"/>
    <let var="elevator" value="@PITCH * AILEVON_ELEVATOR_RATE"/>
    <set servo="GAZ"           value="@THROTTLE"/>
    <set servo="AILEVON_LEFT"  value="$elevator + $aileron"/>
    <set servo="AILEVON_RIGHT" value="$elevator - $aileron"/>
    <set servo="HATCH" value="@HATCH"/>
  </command_laws>

  <section name="AUTO1" prefix="AUTO1_">
    <define name="MAX_ROLL" value="0.6"/>
    <define name="MAX_PITCH" value="0.6"/>
  </section>

  <section name="adc" prefix="ADC_CHANNEL_">
    <define name="IR1" value="ADC_0"/>
    <define name="IR2" value="ADC_1"/>
    <define name="IR_TOP" value="ADC_6"/>
    <define name="IR_NB_SAMPLES" value="16"/>
    <define name="GYRO_ROLL" value="ADC_4"/>
    <define name="GYRO_NB_SAMPLES" value="16"/>

  </section>

  <section name="INFRARED" prefix="IR_">
    <define name="ADC_IR1_NEUTRAL" value="512"/>
    <define name="ADC_IR2_NEUTRAL" value="512"/>
    <define name="ADC_TOP_NEUTRAL" value="512"/>

    <define name="HORIZ_SENSOR_TILTED" value="1"/>
    <define name="IR2_SIGN" value="-1"/>
    <define name="TOP_SIGN" value="-1"/>

    <define name="LATERAL_CORRECTION" value="1."/>
    <define name="LONGITUDINAL_CORRECTION" value="1."/>
    <define name="VERTICAL_CORRECTION" value="1."/>

    <define name="ROLL_NEUTRAL_DEFAULT" value="4." unit="deg"/>
    <define name="PITCH_NEUTRAL_DEFAULT" value="2" unit="deg"/>

    <define name="CORRECTION_UP" value="1.0"/>
    <define name="CORRECTION_DOWN" value="1.0"/>
    <define name="CORRECTION_LEFT" value="1.4"/>
    <define name="CORRECTION_RIGHT" value="1.4"/>
  </section>

 <section name="GYRO" prefix="GYRO_">
    <define name="ADC_ROLL_NEUTRAL" value="500"/>
    <define name="ADC_TEMP_NEUTRAL" value="476"/>
    <define name="ADC_TEMP_SLOPE" value="0"/>
    <define name="ROLL_SCALE" value="0.44"/>
    <define name="ROLL_DIRECTION" value="1."/>
  </section>

  <section name="BAT">
    <define name="MILLIAMP_PER_PERCENT" value="0.86"/>
    <define name="LOW_BATTERY" value="9.3" unit="V"/>
  </section>

  <section name="MISC">
    <define name="NOMINAL_AIRSPEED" value="13." unit="m/s"/>
    <define name="CARROT" value="5." unit="s"/>
    <define name="KILL_MODE_DISTANCE" value="(1.5*MAX_DIST_FROM_HOME)"/>
    <define name="CONTROL_RATE" value="60" unit="Hz"/>
<!--    <define name="XBEE_INIT" value="\"ATPL2\rATRN1\rATTT80\r\""/> -->
<!--    <define name="NO_XBEE_API_INIT" value="TRUE"/> -->
    <define name="ALT_KALMAN_ENABLED" value="TRUE"/>

    <define name="DEFAULT_CIRCLE_RADIUS" value="80."/>

    <define name="GLIDE_AIRSPEED" value="10"/>
    <define name="GLIDE_VSPEED" value="3."/>
    <define name="GLIDE_PITCH" value="45" unit="deg"/>
  </section>

  <section name="VERTICAL CONTROL" prefix="V_CTL_">

    <define name="POWER_CTL_BAT_NOMINAL" value="11.1" unit="volt"/>
    <!-- outer loop proportional gain -->
    <define name="ALTITUDE_PGAIN" value="-0.03"/>
    <!-- outer loop saturation -->
    <define name="ALTITUDE_MAX_CLIMB" value="2."/>

    <!-- auto throttle inner loop -->
    <define name="AUTO_THROTTLE_NOMINAL_CRUISE_THROTTLE" value="0.32"/>
    <define name="AUTO_THROTTLE_MIN_CRUISE_THROTTLE" value="0.25"/>
    <define name="AUTO_THROTTLE_MAX_CRUISE_THROTTLE" value="0.65"/>
    <define name="AUTO_THROTTLE_LOITER_TRIM" value="1500"/>
    <define name="AUTO_THROTTLE_DASH_TRIM" value="-4000"/>
    <define name="AUTO_THROTTLE_CLIMB_THROTTLE_INCREMENT" value="0.15" unit="%/(m/s)"/>
    <define name="AUTO_THROTTLE_PGAIN" value="-0.01"/>
    <define name="AUTO_THROTTLE_IGAIN" value="0.1"/>
    <define name="AUTO_THROTTLE_PITCH_OF_VZ_PGAIN" value="0.05"/>

    <!-- auto pitch inner loop -->
    <define name="AUTO_PITCH_PGAIN" value="-0.05"/>
    <define name="AUTO_PITCH_IGAIN" value="0.075"/>
    <define name="AUTO_PITCH_MAX_PITCH" value="0.35"/>
    <define name="AUTO_PITCH_MIN_PITCH" value="-0.35"/>

   <define name="THROTTLE_SLEW_LIMITER" value="10"/>

  </section>

  <section name="HORIZONTAL CONTROL" prefix="H_CTL_">
    <define name="COURSE_PGAIN" value="-0.55"/>
    <define name="ROLL_MAX_SETPOINT" value="0.6" unit="radians"/>
    <define name="PITCH_MAX_SETPOINT" value="0.5" unit="radians"/>
    <define name="PITCH_MIN_SETPOINT" value="-0.5" unit="radians"/>


    <define name="ROLL_PGAIN" value="5000."/>
    <define name="AILERON_OF_THROTTLE" value="0.0"/>
    <define name="PITCH_PGAIN" value="-12500."/>
    <define name="PITCH_DGAIN" value="1.5"/>
    <define name="ELEVATOR_OF_ROLL" value="1250"/>

    <!--  roll rate loop -->
    <define name="ROLL_RATE_MODE_DEFAULT" value="1"/>
    <define name="ROLL_RATE_SETPOINT_PGAIN" value="-10." unit="rad/s/rad"/>
    <define name="ROLL_RATE_MAX_SETPOINT" value="10"/>
    <define name="LO_THROTTLE_ROLL_RATE_PGAIN" value="3000."/>
    <define name="HI_THROTTLE_ROLL_RATE_PGAIN" value="3000."/>
    <define name="ROLL_RATE_IGAIN" value="0."/>
    <define name="ROLL_RATE_DGAIN" value="0."/>
    <define name="ROLL_RATE_SUM_NB_SAMPLES" value="64"/>

    <define name="ROLL_SLEW" value="0.1"/>

    <define name="SIMPLE_ROLL_PGAIN" value="-15000"/>
    <define name="SIMPLE_ROLL_DGAIN" value="-3000"/>
  </section>

  <section name="NAV">
    <define name="NAV_PITCH" value="0."/>
    <define name="NAV_GLIDE_PITCH_TRIM" value="0"/>
    <define name="NAV_GROUND_SPEED_PGAIN" value="-0.015"/>
    <define name="NAV_FOLLOW_PGAIN" value="-0.05"/>
  </section>

  <section name="AGGRESSIVE" prefix="AGR_">
    <define name="BLEND_START" value="20"/><!-- Altitude Error to Initiate Aggressive Climb CANNOT BE ZERO!!-->
    <define name="BLEND_END" value="10"/><!-- Altitude Error to Blend Aggressive to Regular Climb Modes  CANNOT BE ZERO!!-->
    <define name="CLIMB_THROTTLE" value="1.00"/><!-- Gaz for Aggressive Climb -->
    <define name="CLIMB_PITCH" value="0.3"/><!-- Pitch for Aggressive Climb -->
    <define name="DESCENT_THROTTLE" value="0.1"/><!-- Gaz for Aggressive Decent -->
    <define name="DESCENT_PITCH" value="-0.25"/><!-- Pitch for Aggressive Decent -->
    <define name="CLIMB_NAV_RATIO" value="0.8"/><!-- Percent Navigation for Altitude Error Equal to Start Altitude -->
    <define name="DESCENT_NAV_RATIO" value="1.0"/>
    </section>

  <section name="FAILSAFE" prefix="FAILSAFE_">
	<define name="DELAY_WITHOUT_GPS" value="1" unit="s"/>
	<define name="DEFAULT_THROTTLE" value="0.3" unit="%"/>
	<define name="DEFAULT_ROLL" value="0.3" unit="rad"/>
	<define name="DEFAULT_PITCH" value="0.5" unit="rad"/>
	<define name="HOME_RADIUS" value="100" unit="m"/>
</section>

<!--
 <section name="DATALINK" prefix="DATALINK_">
    <define name="DEVICE_TYPE" value="XBEE"/>
    <define name="DEVICE_ADDRESS" value="...."/>
  </section>
-->

 <makefile>
include $(PAPARAZZI_SRC)/conf/autopilot/tiny.makefile

FLASH_MODE=IAP

ap.CFLAGS +=  -DFBW -DAP -DBOARD_CONFIG=\"tiny_1_1.h\" -DUSE_LED -DTIME_LED=1
ap.srcs = sys_time.c $(SRC_ARCH)/sys_time_hw.c $(SRC_ARCH)/armVIC.c main_fbw.c main_ap.c main.c

ap.srcs += commands.c

ap.CFLAGS += -DACTUATORS=\"servos_4015_MAT_hw.h\" -DSERVOS_4015_MAT
ap.srcs += $(SRC_ARCH)/servos_4015_MAT_hw.c actuators.c

ap.CFLAGS += -DRADIO_CONTROL
ap.srcs += radio_control.c $(SRC_ARCH)/ppm_hw.c

# API mode
# ap.CFLAGS += -DDOWNLINK -DUSE_UART0 -DDOWNLINK_TRANSPORT=XBeeTransport -DDOWNLINK_FBW_DEVICE=Uart0 -DDOWNLINK_AP_DEVICE=Uart0 -DXBEE_UART=Uart0 -DDATALINK=XBEE -DUART0_BAUD=B57600
#�ap.srcs += downlink.c $(SRC_ARCH)/mcu_periph/uart_arch.c datalink.c xbee.c

# transparent
ap.CFLAGS += -DDOWNLINK -DUSE_UART0 -DDOWNLINK_TRANSPORT=PprzTransport -DDOWNLINK_FBW_DEVICE=Uart0 -DDOWNLINK_AP_DEVICE=Uart0 -DPPRZ_UART=Uart0 -DDATALINK=PPRZ -DUART0_BAUD=B9600
ap.srcs += downlink.c $(SRC_ARCH)/mcu_periph/uart_arch.c datalink.c pprz_transport.c


ap.CFLAGS += -DINTER_MCU
ap.srcs += inter_mcu.c

ap.CFLAGS += -DADC -DUSE_ADC_0 -DUSE_ADC_1 -DUSE_ADC_4 -DUSE_ADC_6
ap.srcs += $(SRC_ARCH)/adc_hw.c


ap.CFLAGS += -DUSE_GPS -DUBX -DUSE_UART1 -DGPS_LINK=Uart1 -DUART1_BAUD=B19200

ap.srcs += gps_ubx.c gps.c latlong.c

ap.CFLAGS += -DUSE_INFRARED -DALT_KALMAN -DWIND_INFO
ap.srcs += infrared.c estimator.c

ap.CFLAGS += -DNAV -DH_CTL_RATE_LOOP -DAGR_CLIMB -DLOITER_TRIM
ap.srcs += subsystems/nav.c fw_h_ctl.c fw_v_ctl.c subsystems/navigation/nav_survey_rectangle.c


ap.CFLAGS += -DUSE_GYRO -DADXRS150
ap.srcs += gyro.c

ap.CFLAGS += -DUSE_SPI -DSPI_MASTER -DUSE_SPI_SLAVE0 -DUSE_BARO_MS5534A
ap.srcs += spi.c $(SRC_ARCH)/spi_hw.c $(SRC_ARCH)/baro_MS5534A.c

ap.srcs += subsystems/navigation/nav_line.c

# Harware In The Loop

#ap.CFLAGS += -DHITL


# Config for SITL simulation
include $(PAPARAZZI_SRC)/conf/autopilot/sitl.makefile
sim.CFLAGS += -DBOARD_CONFIG=\"tiny.h\" -DAGR_CLIMB -DLOITER_TRIM -DALT_KALMAN -DUSE_BARO_MS5534A
sim.srcs += subsystems/navigation/nav_survey_rectangle.c $(SRC_ARCH)/sim_baro.c subsystems/navigation/bomb.c subsystems/navigation/nav_line.c

  </makefile>
</airframe>
