<airframe name="Slayer 1">
 <!-- tiny airframe -->

<!-- commands section -->
  <servos>
    <servo name="AILEVON_RIGHT" no="1" min="1000" neutral="1500" max="2000"/>
    <servo name="AILEVON_LEFT" no="3" min="2000" neutral="1500" max="1000"/>
    <servo name="THROTTLE" no="4" min="1250" neutral="1250" max="1850"/>
  </servos>

  <commands>
    <axis name="THROTTLE" failsafe_value="0"/>
    <axis name="ROLL" failsafe_value="0"/>
    <axis name="PITCH" failsafe_value="0"/>
  </commands>

  <rc_commands>
    <set command="THROTTLE" value="@THROTTLE"/>
    <set command="ROLL" value="@ROLL"/>
    <set command="PITCH" value="@PITCH"/>
  </rc_commands>

  <section name="MIXER">
    <define name="AILEVON_AILERON_RATE" value="0.8"/>
    <define name="AILEVON_ELEVATOR_RATE" value="0.8"/>
  </section>

  <command_laws>
    <let var="aileron" value="@ROLL  * AILEVON_AILERON_RATE"/>
    <let var="elevator" value="@PITCH * AILEVON_ELEVATOR_RATE"/>
    <set servo="THROTTLE" value="@THROTTLE"/>
    <set servo="AILEVON_RIGHT" value="$elevator - $aileron"/>
    <set servo="AILEVON_LEFT" value="$elevator + $aileron"/>
  </command_laws>

  <section name="AUTO1" prefix="AUTO1_">
    <define name="MAX_ROLL" value="0.96"/>
    <define name="MAX_PITCH" value="0.8"/>
  </section>

  <section name="adc" prefix="ADC_CHANNEL_">
    <define name="IR1" value="ADC_1"/>
    <define name="IR2" value="ADC_0"/>
    <define name="IR_TOP" value="ADC_4"/>
    <define name="IR_NB_SAMPLES" value="16"/>
    <define name="GYRO_ROLL" value="ADC_5"/>
    <define name="GYRO_NB_SAMPLES" value="16"/>
  </section>

  <section name="INFRARED" prefix="IR_">
    <define name="ROLL_NEUTRAL_DEFAULT" value="0" unit="deg"/>
    <define name="PITCH_NEUTRAL_DEFAULT" value="11.4" unit="deg"/>
    <define name="DEFAULT_CONTRAST" value="200"/> <!-- Contrast used prior to capture on models without z-sensor -->
    <define name="HORIZ_SENSOR_TILTED" value="1"/> <!-- "0" indicates x-y sensor is aligned with the fueslage, "1" indicates a 45 deg rotation -->
    <define name="IR1_SIGN" value="-1"/>
    <define name="IR2_SIGN" value="1"/>
    <define name="TOP_SIGN" value="-1"/>
    <define name="RAD_OF_IR_MIN_VALUE" value="0.00075"/>
    <define name="ADC_IR1_NEUTRAL" value="512"/>
    <define name="ADC_IR2_NEUTRAL" value="512"/>
    <define name="ADC_TOP_NEUTRAL" value="512"/>

    <define name="CORRECTION_UP" value="1.0"/> <!-- multiplies the up pitch angle reading -->
    <define name="CORRECTION_DOWN" value="1.5"/> <!-- multiplies the down pitch angle reading -->
    <define name="CORRECTION_LEFT" value="1.0"/> <!-- multiplies the left roll angle reading -->
    <define name="CORRECTION_RIGHT" value="1.0"/> <!-- multiplies the right roll angle reading -->

    <define name="LATERAL_CORRECTION" value="1."/> <!-- multiplies the roll ADC reading -->
    <define name="LONGITUDINAL_CORRECTION" value="1."/> <!-- multiplies the pitch ADC reading -->
    <define name="VERTICAL_CORRECTION" value="1.414"/> <!-- multiplies the Z ADC output, correcting for TILTED sensors -->
  </section>

 <section name="GYRO" prefix="GYRO_">
    <define name="ADC_ROLL_NEUTRAL" value="452"/>
    <define name="ROLL_SCALE" value="1.3846"/>
    <define name="ROLL_DIRECTION" value="-1."/>
  </section>

 <section name="BAT">
    <define name="MILLIAMP_PER_PERCENT" value="0.86"/>
    <define name="CATASTROPHIC_BAT_LEVEL" value="9.0" unit="V"/>
    <define name="CRITIC_BAT_LEVEL" value="9.3" unit="V"/>
    <define name="LOW_BAT_LEVEL" value="10." unit="V"/>
  </section>

 <section name="MISC">
    <define name="NOMINAL_AIRSPEED" value="20." unit="m/s"/>
    <define name="CARROT" value="3." unit="s"/>
    <define name="KILL_MODE_DISTANCE" value="(1.5*MAX_DIST_FROM_HOME)"/>
    <define name="CONTROL_RATE" value="60" unit="Hz"/>
<!--    <define name="XBEE_INIT" value="\"ATPL2\rATRN1\rATTT80\r\""/> -->
<!--    <define name="NO_XBEE_API_INIT" value="TRUE"/> -->
    <define name="ALT_KALMAN_ENABLED" value="TRUE"/>

    <define name="TRIGGER_DELAY" value="1.1"/>
    <define name="DEFAULT_CIRCLE_RADIUS" value="100."/>

    <define name="UNLOCKED_HOME_MODE" value="TRUE"/>
    <define name="RC_LOST_MODE" value="PPRZ_MODE_AUTO2"/>

  </section>

 <section name="VERTICAL CONTROL" prefix="V_CTL_">
    <!-- outer loop proportional gain -->
    <define name="ALTITUDE_PGAIN" value="-0.045"/>
    <!-- outer loop saturation -->
    <define name="ALTITUDE_MAX_CLIMB" value="3."/>

    <!-- auto throttle inner loop -->
    <define name="AUTO_THROTTLE_NOMINAL_CRUISE_THROTTLE" value="0.45"/>
    <define name="AUTO_THROTTLE_MIN_CRUISE_THROTTLE" value="0.45"/>
    <define name="AUTO_THROTTLE_MAX_CRUISE_THROTTLE" value="1.0"/>
    <define name="AUTO_THROTTLE_LOITER_TRIM" value="2000"/>
    <define name="AUTO_THROTTLE_DASH_TRIM" value="-1500"/>
    <define name="AUTO_THROTTLE_CLIMB_THROTTLE_INCREMENT" value="0.15" unit="%/(m/s)"/>
    <define name="AUTO_THROTTLE_PGAIN" value="-0.008"/>
    <define name="AUTO_THROTTLE_IGAIN" value="0.25"/>
    <define name="AUTO_THROTTLE_PITCH_OF_VZ_PGAIN" value="0.14"/>
    <define name="THROTTLE_SLEW" value="0.05"/>

  </section>

  <section name="HORIZONTAL CONTROL" prefix="H_CTL_">
    <define name="COURSE_PGAIN" value="-0.88"/>
    <define name="COURSE_PRE_BANK_CORRECTION" value="1."/>
    <define name="ROLL_MAX_SETPOINT" value="0.73" unit="radians"/>
    <define name="PITCH_MAX_SETPOINT" value="0.5" unit="radians"/>
    <define name="PITCH_MIN_SETPOINT" value="-0.5" unit="radians"/>
    <define name="AILERON_OF_THROTTLE" value="0.0"/>
    <define name="PITCH_PGAIN" value="-6000."/>
    <define name="PITCH_DGAIN" value="0."/>
    <define name="ELEVATOR_OF_ROLL" value="3213.20800781"/>

    <define name="ROLL_ATTITUDE_GAIN" value="-5000."/>
    <define name="ROLL_RATE_GAIN" value="-495.282989502"/>
  </section>

  <section name="NAV">
    <define name="NAV_PITCH" value="0."/>
    <define name="NAV_GLIDE_PITCH_TRIM" value="(V_CTL_AUTO_THROTTLE_PITCH_OF_VZ_PGAIN*V_CTL_ALTITUDE_MAX_CLIMB)"/>
    <define name="THROTTLE_CUT_APPROACHING_TIME" value="16"/>
    <define name="FLARE_APPROACHING_TIME" value="16"/>
  </section>


 <section name="AGGRESSIVE" prefix="AGR_">
    <define name="BLEND_START" value="50"/><!-- Altitude Error to Initiate Aggressive Climb CANNOT BE ZERO!!-->
    <define name="BLEND_END" value="15"/><!-- Altitude Error to Blend Aggressive to Regular Climb Modes  CANNOT BE ZERO!!-->
    <define name="CLIMB_THROTTLE" value="1."/><!-- Throttle for Aggressive Climb -->
    <define name="CLIMB_PITCH" value="0.42"/><!-- Pitch for Aggressive Climb -->
    <define name="DESCENT_THROTTLE" value="0.1"/><!-- Throttle for Aggressive Decent -->
    <define name="DESCENT_PITCH" value="-0.4"/><!-- Pitch for Aggressive Decent -->
    <define name="CLIMB_NAV_RATIO" value="0.5"/><!-- Percent Navigation for Altitude Error Equal to Start Altitude -->
    <define name="DESCENT_NAV_RATIO" value="1.0"/>
    </section>


  <section name="FAILSAFE" prefix="FAILSAFE_">
	<define name="DELAY_WITHOUT_GPS" value="1" unit="s"/>
	<define name="DEFAULT_THROTTLE" value="0." unit="%"/>
	<define name="DEFAULT_ROLL" value="0.6" unit="rad"/>
	<define name="DEFAULT_PITCH" value="0.5" unit="rad"/>
	<define name="HOME_RADIUS" value="100" unit="m"/>
</section>

<!--
<section name="DATALINK" prefix="DATALINK_">
    <define name="DEVICE_TYPE" value="XBEE"/>
    <define name="DEVICE_ADDRESS" value="...."/>
  </section>
-->

<makefile>
include $(PAPARAZZI_SRC)/conf/autopilot/tiny.makefile

FLASH_MODE=IAP

ap.CFLAGS +=  -DFBW -DAP -DBOARD_CONFIG=\"tiny_1_1.h\" -DUSE_LED -DTIME_LED=1
ap.srcs = sys_time.c $(SRC_ARCH)/sys_time_hw.c $(SRC_ARCH)/armVIC.c main_fbw.c main_ap.c main.c

ap.srcs += commands.c

ap.CFLAGS += -DACTUATORS=\"servos_4015_MAT_hw.h\" -DSERVOS_4015_MAT
ap.srcs += $(SRC_ARCH)/servos_4015_MAT_hw.c actuators.c

ap.CFLAGS += -DRADIO_CONTROL
ap.srcs += radio_control.c $(SRC_ARCH)/ppm_hw.c

#MAXSTREAM
#ap.CFLAGS += -DDOWNLINK -DUSE_UART0 -DDOWNLINK_TRANSPORT=XBeeTransport -DDOWNLINK_FBW_DEVICE=Uart0 -DDOWNLINK_AP_DEVICE=Uart0 -DXBEE_UART=Uart0 -DDATALINK=XBEE -DUART0_BAUD=B9600
#ap.srcs += downlink.c $(SRC_ARCH)/mcu_periph/uart_arch.c datalink.c xbee.c

#TRANSPARENT
ap.CFLAGS += -DDOWNLINK -DUSE_UART0 -DDOWNLINK_TRANSPORT=PprzTransport -DDOWNLINK_FBW_DEVICE=Uart0 -DDOWNLINK_AP_DEVICE=Uart0 -DPPRZ_UART=Uart0 -DDATALINK=PPRZ -DUART0_BAUD=B57600
ap.srcs += downlink.c $(SRC_ARCH)/mcu_periph/uart_arch.c datalink.c pprz_transport.c


ap.CFLAGS += -DINTER_MCU
ap.srcs += inter_mcu.c

ap.CFLAGS += -DADC -DUSE_ADC_0 -DUSE_ADC_1 -DUSE_ADC_4 -DUSE_ADC_5
ap.srcs += $(SRC_ARCH)/adc_hw.c

ap.CFLAGS += -DUSE_GPS -DUBX -DUSE_UART1 -DGPS_LINK=Uart1 -DUART1_BAUD=B57600

ap.srcs += gps_ubx.c gps.c latlong.c

ap.CFLAGS += -DUSE_INFRARED -DALT_KALMAN
ap.srcs += infrared.c estimator.c

ap.CFLAGS += -DNAV -DAGR_CLIMB -DLOITER_TRIM
ap.srcs += subsystems/nav.c fw_h_ctl.c fw_v_ctl.c subsystems/navigation/nav_survey_rectangle.c subsystems/navigation/nav_line.c subsystems/navigation/snav.c


ap.CFLAGS += -DUSE_GYRO -DADXRS150
ap.srcs += gyro.c


# Video switch
ap.CFLAGS += -DLIGHT_PIN_1=3 -DUSE_GPIO
ap.srcs += $(SRC_ARCH)/gpio.c

# Harware In The Loop

#ap.CFLAGS += -DHITL


# Config for SITL simulation
include $(PAPARAZZI_SRC)/conf/autopilot/sitl.makefile
sim.CFLAGS += -DBOARD_CONFIG=\"tiny.h\" -DAGR_CLIMB -DLOITER_TRIM -DALT_KALMAN
sim.srcs += subsystems/navigation/nav_survey_rectangle.c subsystems/navigation/nav_line.c subsystems/navigation/snav.c

  </makefile>
</airframe>
