<!DOCTYPE airframe SYSTEM "airframe.dtd">

<airframe name="tyto1 Tiny 1.1">

<!-- commands section -->
  <servos>
	<servo name="GAZ_LEFT" no="1" min="950" neutral="950" max="1650"/>
	<servo name="GAZ_RIGHT" no="2" min="950" neutral="950" max="1650"/>
	<servo name="AILEVON_LEFT"  no="0" min="1250" neutral="1630" max="2060"/>
	<servo name="AILEVON_RIGHT" no="3" min="1900" neutral="1400" max="1000"/>
	<servo name="CAM_LON" no="6" min="1980" neutral="1515" max="1170"/>
	<servo name="CAM_LAT" no="5" min="1980" neutral="1515" max="1170"/>
	<servo name="PAINTBALL" no="4" min="1980" neutral="1515" max="1170"/>
  </servos>

  <commands>
    <axis name="THROTTLE" failsafe_value="0"/>
    <axis name="ROLL"     failsafe_value="0"/>
    <axis name="PITCH"    failsafe_value="0"/>
    <axis name="CAM_LON_CMD"    failsafe_value="0"/>
    <axis name="CAM_LAT_CMD"    failsafe_value="0"/>
	<axis name="PAINTBALL_CMD"    failsafe_value="0"/>
  </commands>

  <rc_commands>
    <set command="THROTTLE" value="@THROTTLE"/>
    <set command="ROLL"     value="@ROLL"/>
    <set command="PITCH"    value="@PITCH"/>
    <set command="PAINTBALL_CMD" value="@GAIN1"/>
  </rc_commands>

  <section name="MIXER">
    <define name="AILEVON_AILERON_RATE" value="0.75"/>
    <define name="AILEVON_ELEVATOR_RATE" value="-0.75"/>
  </section>

  <command_laws>
	<let var="aileron"  value="@ROLL  * AILEVON_AILERON_RATE"/>
	<let var="elevator" value="@PITCH * AILEVON_ELEVATOR_RATE"/>
	<set servo="GAZ_LEFT" value="@THROTTLE"/>
	<set servo="GAZ_RIGHT" value="@THROTTLE"/>
	<set servo="AILEVON_LEFT"  value="$elevator + $aileron"/>
	<set servo="AILEVON_RIGHT" value="$elevator - $aileron"/>
	<set servo="CAM_LON" value="@CAM_LON_CMD"/>
	<set servo="CAM_LAT" value="@CAM_LAT_CMD"/>
	<set servo="PAINTBALL" value="@PAINTBALL_CMD"/>
  </command_laws>

  <section name="AUTO1" prefix="AUTO1_">
    <define name="MAX_ROLL" value="0.85"/>
    <define name="MAX_PITCH" value="0.6"/>
  </section>

  <section name="adc" prefix="ADC_CHANNEL_">
    <define name="IR1" value="ADC_0"/>
    <define name="IR2" value="ADC_1"/>
    <define name="IR_TOP" value="ADC_2"/>
    <define name="IR_NB_SAMPLES" value="16"/>

    <define name="GYRO_ROLL" value="ADC_3"/>
    <define name="GYRO_TEMP" value="ADC_7"/> <!-- NOT PLUGGED !!! -->
    <define name="GYRO_NB_SAMPLES" value="16"/>

  </section>

  <section name="INFRARED" prefix="IR_">
    <define name="ADC_IR1_NEUTRAL" value="512"/>
    <define name="ADC_IR2_NEUTRAL" value="512"/>
    <define name="ADC_TOP_NEUTRAL" value="512"/>

    <define name="HORIZ_SENSOR_TILTED" value="1"/>
    <define name="IR2_SIGN" value="-1"/>
    <define name="TOP_SIGN" value="-1"/>

    <define name="LATERAL_CORRECTION" value="1."/>
    <define name="LONGITUDINAL_CORRECTION" value="1."/>
    <define name="VERTICAL_CORRECTION" value="1."/>

    <define name="ROLL_NEUTRAL_DEFAULT" value="-6" unit="deg"/>
    <define name="PITCH_NEUTRAL_DEFAULT" value="6" unit="deg"/>

    <define name="CORRECTION_UP" value="1."/>
    <define name="CORRECTION_DOWN" value="1."/>
    <define name="CORRECTION_LEFT" value="1."/>
    <define name="CORRECTION_RIGHT" value="1."/>
  </section>

 <section name="GYRO" prefix="GYRO_">
    <define name="ADC_ROLL_NEUTRAL" value="538"/>
    <define name="ADC_TEMP_NEUTRAL" value="476"/>
    <define name="ADC_TEMP_SLOPE" value="0"/>
    <define name="ROLL_SCALE" value="0.44"/>
    <define name="ROLL_DIRECTION" value="-1."/>
  </section>

  <section name="BAT">
    <define name="MILLIAMP_PER_PERCENT" value="0.86"/>

    <define name="ADC_CHANNEL_VSUPPLY"  value="AdcBank1(6)"/>
    <define name="VoltageOfAdc(adc)" value="(0.01787109375*adc)"/>

    <define name="LOW_BATTERY" value="9.3" unit="V"/>
  </section>

  <section name="MISC">
    <define name="NOMINAL_AIRSPEED" value="11." unit="m/s"/>
    <define name="CARROT" value="5." unit="s"/>
    <define name="KILL_MODE_DISTANCE" value="(1.5*MAX_DIST_FROM_HOME)"/>
    <define name="CONTROL_RATE" value="60" unit="Hz"/>
<!--    <define name="XBEE_INIT" value="\"ATPL2\rATRN1\rATTT80\r\""/> -->
<!--    <define name="NO_XBEE_API_INIT" value="TRUE"/> -->
    <define name="ALT_KALMAN_ENABLED" value="TRUE"/>

    <define name="TRIGGER_DELAY" value="1."/>
    <define name="DEFAULT_CIRCLE_RADIUS" value="80."/>
  </section>

  <section name="VERTICAL CONTROL" prefix="V_CTL_">

    <define name="POWER_CTL_BAT_NOMINAL" value="11.1" unit="volt"/>
    <!-- outer loop proportional gain -->
    <define name="ALTITUDE_PGAIN" value="-0.37"/>
    <!-- outer loop saturation -->
    <define name="ALTITUDE_MAX_CLIMB" value="5."/>

    <!-- auto throttle inner loop -->
    <define name="AUTO_THROTTLE_NOMINAL_CRUISE_THROTTLE" value="0.5"/>
    <define name="AUTO_THROTTLE_MIN_CRUISE_THROTTLE" value="0.35"/>
    <define name="AUTO_THROTTLE_MAX_CRUISE_THROTTLE" value="0.80"/>
    <define name="AUTO_THROTTLE_LOITER_TRIM" value="1500"/>
    <define name="AUTO_THROTTLE_DASH_TRIM" value="-1000"/>
    <define name="AUTO_THROTTLE_CLIMB_THROTTLE_INCREMENT" value="0.08" unit="%/(m/s)"/>
    <define name="AUTO_THROTTLE_PGAIN" value="-0.006"/>
    <define name="AUTO_THROTTLE_IGAIN" value="0."/>
    <define name="AUTO_THROTTLE_PITCH_OF_VZ_PGAIN" value="0."/>

    <!-- auto pitch inner loop -->
    <define name="AUTO_PITCH_PGAIN" value="-0.05"/>
    <define name="AUTO_PITCH_IGAIN" value="0.075"/>
    <define name="AUTO_PITCH_MAX_PITCH" value="0.35"/>
    <define name="AUTO_PITCH_MIN_PITCH" value="-0.35"/>

   <define name="THROTTLE_SLEW" value="0.5"/>

  </section>

  <section name="HORIZONTAL CONTROL" prefix="H_CTL_">
    <define name="COURSE_PGAIN" value="-0.23"/>

    <define name="ROLL_MAX_SETPOINT" value="0.4" unit="radians"/>
    <define name="PITCH_MAX_SETPOINT" value="0.5" unit="radians"/>
    <define name="PITCH_MIN_SETPOINT" value="-0.5" unit="radians"/>

    <define name="AILERON_OF_THROTTLE" value="0.0"/>

    <define name="PITCH_PGAIN" value="5000."/>
    <define name="PITCH_DGAIN" value="0."/>
    <define name="ELEVATOR_OF_ROLL" value="0.2"/>

    <define name="ROLL_ATTITUDE_GAIN" value="-7500"/>
    <define name="ROLL_RATE_GAIN" value="-1500"/>
  </section>

  <section name="NAV">
    <define name="NAV_PITCH" value="0."/>
    <define name="NAV_GLIDE_PITCH_TRIM" value="0"/>
  </section>

  <section name="AGGRESSIVE" prefix="AGR_">
    <define name="BLEND_START" value="20"/><!-- Altitude Error to Initiate Aggressive Climb CANNOT BE ZERO!!-->
    <define name="BLEND_END" value="10"/><!-- Altitude Error to Blend Aggressive to Regular Climb Modes  CANNOT BE ZERO!!-->
    <define name="CLIMB_THROTTLE" value="0.8"/><!-- Gaz for Aggressive Climb -->
    <define name="CLIMB_PITCH" value="0.3"/><!-- Pitch for Aggressive Climb -->
    <define name="DESCENT_THROTTLE" value="0.1"/><!-- Gaz for Aggressive Decent -->
    <define name="DESCENT_PITCH" value="-0.15"/><!-- Pitch for Aggressive Decent -->
    <define name="CLIMB_NAV_RATIO" value="0.8"/><!-- Percent Navigation for Altitude Error Equal to Start Altitude -->
    <define name="DESCENT_NAV_RATIO" value="1.0"/>
    </section>

  <section name="FAILSAFE" prefix="FAILSAFE_">
	<define name="DELAY_WITHOUT_GPS" value="1" unit="s"/>
	<define name="DEFAULT_THROTTLE" value="0.3" unit="%"/>
	<define name="DEFAULT_ROLL" value="0.3" unit="rad"/>
	<define name="DEFAULT_PITCH" value="0.5" unit="rad"/>
	<define name="HOME_RADIUS" value="100" unit="m"/>
</section>

<!--
 <section name="DATALINK" prefix="DATALINK_">
    <define name="DEVICE_TYPE" value="XBEE"/>
    <define name="DEVICE_ADDRESS" value="...."/>
  </section>
-->

 <section name="SIMU">
    <define name="YAW_RESPONSE_FACTOR" value="0.5"/>
 </section>

 <makefile>
CONFIG=\"tiny_1_1.h\"
include $(PAPARAZZI_SRC)/conf/autopilot/tiny.makefile

FLASH_MODE=IAP

ap.CFLAGS += -DTELEMETRY_MODE_FBW=1

ap.CFLAGS +=  -DFBW -DAP -DBOARD_CONFIG=$(CONFIG) -DUSE_LED -DTIME_LED=1
ap.srcs = sys_time.c $(SRC_ARCH)/sys_time_hw.c $(SRC_ARCH)/armVIC.c main_fbw.c main_ap.c main.c

ap.srcs += commands.c

ap.CFLAGS += -DACTUATORS=\"servos_4015_MAT_hw.h\" -DSERVOS_4015_MAT
ap.srcs += $(SRC_ARCH)/servos_4015_MAT_hw.c actuators.c

ap.CFLAGS += -DRADIO_CONTROL
ap.srcs += radio_control.c $(SRC_ARCH)/ppm_hw.c

# ap.CFLAGS += -DDOWNLINK -DUSE_UART0 -DDOWNLINK_TRANSPORT=XBeeTransport -DDOWNLINK_FBW_DEVICE=Uart0 -DDOWNLINK_AP_DEVICE=Uart0 -DXBEE_UART=Uart0 -DDATALINK=XBEE -DUART0_BAUD=B9600
# ap.srcs += downlink.c $(SRC_ARCH)/mcu_periph/uart_arch.c datalink.c xbee.c

ap.CFLAGS += -DDOWNLINK -DUSE_UART0 -DDOWNLINK_TRANSPORT=PprzTransport -DDOWNLINK_FBW_DEVICE=Uart0 -DDOWNLINK_AP_DEVICE=Uart0 -DPPRZ_UART=Uart0 -DDATALINK=PPRZ -DUART0_BAUD=B9600
ap.srcs += downlink.c $(SRC_ARCH)/mcu_periph/uart_arch.c datalink.c pprz_transport.c


ap.CFLAGS += -DINTER_MCU
ap.srcs += inter_mcu.c

ap.CFLAGS += -DADC -DUSE_ADC_0 -DUSE_ADC_1 -DUSE_ADC_2 -DUSE_ADC_3
ap.srcs += $(SRC_ARCH)/adc_hw.c

ap.CFLAGS += -DUSE_GPS -DGPS_CONFIGURE -DUBX -DUSE_UART1 -DGPS_LINK=Uart1 -DUART1_BAUD=B9600
ap.CFLAGS += -DGPS_CONFIGURE -DGPS_BAUD=38400
# -DGPS_LED=2
ap.srcs += gps_ubx.c gps.c latlong.c

ap.CFLAGS += -DUSE_INFRARED -DALT_KALMAN
ap.srcs += infrared.c estimator.c

ap.CFLAGS += -DNAV -DAGR_CLIMB -DLOITER_TRIM
ap.srcs += subsystems/nav.c fw_h_ctl.c fw_v_ctl.c

ap.CFLAGS += -DUSE_GYRO -DADXRS150
ap.srcs += gyro.c subsystems/navigation/nav_line.c
ap.srcs += subsystems/navigation/nav_survey_rectangle.c

# Config for SITL simulation
include $(PAPARAZZI_SRC)/conf/autopilot/sitl.makefile
sim.CFLAGS += -DBOARD_CONFIG=\"tiny.h\" -DAGR_CLIMB -DLOITER_TRIM -DALT_KALMAN
sim.srcs += subsystems/navigation/nav_line.c subsystems/navigation/nav_survey_rectangle.c

  </makefile>
</airframe>
