<!DOCTYPE procedure SYSTEM "flight_plan.dtd">

<procedure>
  <waypoints>
    <waypoint lat="52.38252048723831" lon="5.897420494955952" name="_CENTER" alt="120"/>
    <waypoint lat="52.39223341391188" lon="5.891920215186895" name="_G1"/>
    <waypoint lat="52.38457192890880" lon="5.905759083500732" name="_G2"/>
    <waypoint lat="52.37522867761314" lon="5.891055906501672" name="_G3"/>
    <waypoint lat="52.38389131932532" lon="5.876775757075523" name="_G4"/>
    <waypoint lat="52.39502349675812" lon="5.890603491493776" name="_R1"/>
    <waypoint lat="52.38568420330603" lon="5.907529980510587" name="_R2"/>
    <waypoint lat="52.37341656154337" lon="5.888204759419744" name="_R3"/>
    <waypoint lat="52.38371772691826" lon="5.870010280721401" name="_R4"/>
    <waypoint lat="52.38833565818008" lon="5.888958356099608" name="_S1"/>
    <waypoint lat="52.38741511939426" lon="5.896820110526804" name="_S2"/>
    <waypoint lat="52.38344448233852" lon="5.895558989657886" name="_S3"/>
    <waypoint lat="52.38442017389706" lon="5.887661800773984" name="_S4"/>
    <waypoint lat="52.38050" lon="5.89706" name="E1"/>
    <waypoint lat="52.38232" lon="5.89032" name="E2"/>
    <waypoint name="ARCH" lat="52.38223" lon="5.90066"/>
    <waypoint name="A1" lat="52.38223" lon="5.90030"/>
    <waypoint name="A2" lat="52.38223" lon="5.90098"/>
    <waypoint name="DROP_RED" lat="52.38242" lon="5.90074"/>
    <waypoint name="DROP_BLUE" lat="52.38191" lon="5.90048"/>
  </waypoints>

  <sectors>
    <sector name="Red" color="red">
      <corner name="_R1"/>
      <corner name="_R2"/>
      <corner name="_R3"/>
      <corner name="_R4"/>
    </sector>
    <sector name="Green" color="green">
      <corner name="_G1"/>
      <corner name="_G2"/>
      <corner name="_G3"/>
      <corner name="_G4"/>
    </sector>
    <sector name="Search">
      <corner name="_S1"/>
      <corner name="_S2"/>
      <corner name="_S3"/>
      <corner name="_S4"/>
    </sector>
  </sectors>
</procedure>
