<!DOCTYPE flight_plan SYSTEM "flight_plan.dtd">

<flight_plan alt="75" ground_alt="1" lat0="78.22157" lon0="15.679379" max_dist_from_home="4500" name="KV Svalbard" security_height="25">

  <header>
#include "subsystems/navigation/nav_line.h"
#include "datalink.h"
</header>
  <waypoints>
    <waypoint name="HOME" x="0" y="0"/>
    <waypoint name="STDBY" x="49.5" y="80.1"/>
    <waypoint name="PROFILE" x="80" y="100.1"/>
    <waypoint name="1" x="10.1" y="189.9"/>
    <waypoint name="2" x="132.3" y="139.1"/>
    <waypoint name="MOB" x="137.0" y="-11.6"/>
    <waypoint name="S1" x="-119.2" y="69.6"/>
    <waypoint name="S2" x="274.4" y="289.5"/>
    <waypoint name="CLIMB" x="-114.5" y="162.3"/>
  </waypoints>
  <exceptions>
    <exception cond="estimator_z > 3600"  deroute="Standby"/>
    <exception cond="datalink_time > 30"  deroute="Standby"/>
    <exception cond="10 > PowerVoltage()" deroute="Standby"/>
  </exceptions>
  <blocks>
    <block name="Wait GPS">
      <set value="1" var="kill_throttle"/>
      <while cond="!GpsFixValid()"/>
    </block>
    <block name="Geo init">
      <while cond="LessThan(NavBlockTime(), 10)"/>
      <call fun="NavSetGroundReferenceHere()"/>
    </block>
    <block name="Holding point">
      <set value="1" var="kill_throttle"/>
      <attitude roll="0" throttle="0" vmode="throttle"/>
    </block>
    <block name="Takeoff" strip_button="Takeoff (wp CLIMB)" strip_icon="takeoff.png">
      <exception cond="estimator_z > ground_alt+25" deroute="Standby"/>
      <set value="0" var="kill_throttle"/>
      <set value="0" var="estimator_flight_time"/>
      <go from="HOME" throttle="1.0" vmode="throttle" wp="CLIMB"/>
    </block>
    <block name="Standby" strip_button="Standby" strip_icon="home.png">
      <circle radius="nav_radius" wp="STDBY"/>
    </block>
    <block name="profile_up" strip_button="Profile Up" strip_icon="up_profile.png">
      <circle radius="nav_radius" wp="PROFILE"/>
    </block>
    <block name="profile_down" strip_button="Profile Down" strip_icon="down_profile.png">
      <circle radius="nav_radius" wp="PROFILE" vmode="throttle" throttle="0" pitch="RadOfDeg(-10)"  until="(ground_alt+150 > estimator_z)"/>
    <deroute block="Standby"/>
    </block>
    <block name="MOB" strip_button="Turn around here" strip_icon="mob.png">
      <call fun="NavSetWaypointHere(WP_MOB)"/>
      <set value="DEFAULT_CIRCLE_RADIUS" var="nav_radius"/>
      <circle radius="nav_radius" wp="MOB"/>
    </block>
    <block name="Line 1-2" strip_button="Line (wp 1-2)" strip_icon="line.png">
      <exception cond="datalink_time > 22" deroute="Standby"/>
      <call fun="nav_line_init()"/>
      <call fun="nav_line(WP_1, WP_2, nav_radius)"/>
    </block>
    <block name="Survey S1-S2 NS" strip_button="Survey (wp S1-S2) NS" strip_icon="survey.png">
      <survey_rectangle grid="150" wp1="S1" wp2="S2"/>
    </block>
    <block name="Survey S1-S2 WE" strip_button="Survey (wp S1-S2) WE" strip_icon="survey_we.png">
      <survey_rectangle grid="150" orientation="WE" wp1="S1" wp2="S2"/>
    </block>
  </blocks>
</flight_plan>
