<flight_plan SECURITY_HEIGHT="25" lat0="47.482400" lon0="11.092700" ground_alt="722" qfu="0" alt="772" ir_square_utmx_min="657530.0" ir_square_utmy_max="5261130.0" ir_square_width="180.0" ir_correct_steps="2" max_dist_from_home="300" name="Garmisch">

  <include name="zz" procedure="zigzag.xml" x="120" y="-20" rotate="0">
    <arg name="alt" value="GROUND_ALT+50"/>
    <with from="end" to="init"/>
  </include>
  <blocks>
    <block NAME="init">
      <deroute BLOCK="zz.takeoff"/>
    </block>
  </blocks>
</flight_plan>

