<?xml version="1.0"?>
<!DOCTYPE sectors SYSTEM "sectors.dtd">

<sectors>
  <sector name="airexpo">
    <polygon>
     <point pos="WGS84 43.4475 1.2663"/>
     <point pos="WGS84 43.4472 1.2618"/>
     <point pos="WGS84 43.4504 1.2582"/>
     <point pos="WGS84 43.4519 1.2592"/>
     <point pos="WGS84 43.4520 1.2637"/>
     <point pos="WGS84 43.4491 1.2674"/>
    </polygon>
  </sector>

  <sector name="survey">
    <polygon>
      <point pos="WGS84 43.465789	1.271318"/>
      <point pos="WGS84 43.465429	1.277119"/>
      <point pos="WGS84 43.461804	1.276055"/>
      <point pos="WGS84 43.462949	1.268933"/>
    </polygon>
  </sector>

  <sector name="latrape">
    <polygon>
      <point pos="WGS84 43.232776	1.334940"/>
      <point pos="WGS84 43.232172	1.299416"/>
      <point pos="WGS84 43.241134	1.298982"/>
      <point pos="WGS84 43.239970	1.333672"/>
    </polygon>
  </sector>
</sectors>
