<!-- this is a variable pitch quadrotor -->

<airframe name="lisa_asctec">

  <servos min="0" neutral="0" max="0xff">
    <servo name="FRONT"   no="0" min="0" neutral="0" max="255"/>
    <servo name="BACK"    no="1" min="0" neutral="0" max="255"/>
    <servo name="LEFT"    no="2" min="0" neutral="0" max="255"/>
    <servo name="RIGHT"   no="3" min="0" neutral="0" max="255"/>
  </servos>

  <commands>
    <axis name="PITCH"  failsafe_value="0"/>
    <axis name="ROLL"   failsafe_value="0"/>
    <axis name="YAW"    failsafe_value="0"/>
    <axis name="THRUST" failsafe_value="0"/>
  </commands>


  <section name="SUPERVISION" prefix="SUPERVISION_">
    <define name="MIN_MOTOR" value="3"/>
    <define name="MAX_MOTOR" value="200"/>
    <define name="TRIM_A" value="0"/>
    <define name="TRIM_E" value="0"/>
    <define name="TRIM_R" value="0"/>
    <define name="NB_MOTOR" value="4"/>
    <define name="SCALE" value="256"/>
    <define name="ROLL_COEF"   value="{  0  ,    0,  256, -256 }"/>
    <define name="PITCH_COEF"  value="{  256, -256,    0,    0 }"/>
    <define name="YAW_COEF"    value="{ -256, -256,  256,  256 }"/>
    <define name="THRUST_COEF" value="{  256,  256,  256,  256 }"/>
  </section>

  <section name="IMU" prefix="IMU_">

    <define name="GYRO_P_NEUTRAL" value="32685"/>
    <define name="GYRO_Q_NEUTRAL" value="33261"/>
    <define name="GYRO_R_NEUTRAL" value="32707"/>

    <define name="GYRO_P_SENS" value="1.096691894" integer="16"/>
    <define name="GYRO_Q_SENS" value="1.066804199" integer="16"/>
    <define name="GYRO_R_SENS" value="1.117463379" integer="16"/>


    <define name="ACCEL_X_SENS" value="2.58358915626" integer="16"/>
    <define name="ACCEL_Y_SENS" value="2.58164052066" integer="16"/>
    <define name="ACCEL_Z_SENS" value="2.59655739465" integer="16"/>

    <define name="ACCEL_X_NEUTRAL" value="32731"/>
    <define name="ACCEL_Y_NEUTRAL" value="32101"/>
    <define name="ACCEL_Z_NEUTRAL" value="32660"/>

    <define name="MAG_X_SENS" value="5.32718104135" integer="16"/>
    <define name="MAG_Y_SENS" value="4.87857821202" integer="16"/>
    <define name="MAG_Z_SENS" value="3.11986612709" integer="16"/>

    <define name="MAG_X_NEUTRAL" value="-43"/>
    <define name="MAG_Y_NEUTRAL" value=" 49"/>
    <define name="MAG_Z_NEUTRAL" value="-66"/>

    <define name="BODY_TO_IMU_PHI"   value="RadOfDeg(  0.)"/>
    <define name="BODY_TO_IMU_THETA" value="RadOfDeg(  0.)"/>
    <define name="BODY_TO_IMU_PSI"   value="RadOfDeg(  45.)"/>

  </section>

 <section name="AUTOPILOT">
   <define name="MODE_MANUAL" value="AP_MODE_ATTITUDE_DIRECT"/>
   <define name="MODE_AUTO1"  value="AP_MODE_ATTITUDE_DIRECT"/>
   <define name="MODE_AUTO2"  value="AP_MODE_ATTITUDE_DIRECT"/>
 </section>

 <section name="BAT">
   <define name="MILLIAMP_PER_PERCENT" value="0.86"/>
   <define name="CATASTROPHIC_BAT_LEVEL" value="9.3" unit="V"/>
   <define name="BATTERY_SENS"   value="0.48" integer="16"/>
 </section>


  <section name="STABILIZATION_RATE" prefix="STABILIZATION_RATE_">

    <define name="SP_MAX_P" value="10000"/>
    <define name="SP_MAX_Q" value="10000"/>
    <define name="SP_MAX_R" value="10000"/>

    <define name="GAIN_P" value="-400"/>
    <define name="GAIN_Q" value="-400"/>
    <define name="GAIN_R" value="-350"/>

  </section>

  <section name="STABILIZATION_ATTITUDE" prefix="STABILIZATION_ATTITUDE_">

    <!-- setpoints -->
    <define name="SP_MAX_PHI"     value="RadOfDeg(45.)"/>
    <define name="SP_MAX_THETA"   value="RadOfDeg(45.)"/>
    <define name="SP_MAX_R"       value="RadOfDeg(90.)"/>
    <define name="DEADBAND_R"     value="250"/>

    <!-- reference -->
    <define name="REF_OMEGA_P"  value="RadOfDeg(800)"/>
    <define name="REF_ZETA_P"   value="0.85"/>
    <define name="REF_MAX_P"    value="RadOfDeg(300.)"/>
    <define name="REF_MAX_PDOT" value="RadOfDeg(7000.)"/>

    <define name="REF_OMEGA_Q"  value="RadOfDeg(800)"/>
    <define name="REF_ZETA_Q"   value="0.85"/>
    <define name="REF_MAX_Q"    value="RadOfDeg(300.)"/>
    <define name="REF_MAX_QDOT" value="RadOfDeg(7000.)"/>

    <define name="REF_OMEGA_R"  value="RadOfDeg(500)"/>
    <define name="REF_ZETA_R"   value="0.85"/>
    <define name="REF_MAX_R"    value="RadOfDeg(180.)"/>
    <define name="REF_MAX_RDOT" value="RadOfDeg(1800.)"/>

    <!-- feedback -->
    <define name="PHI_PGAIN"  value="-2000"/>
    <define name="PHI_DGAIN"  value="-400"/>
    <define name="PHI_IGAIN"  value="-200"/>

    <define name="THETA_PGAIN"  value="-2000"/>
    <define name="THETA_DGAIN"  value="-400"/>
    <define name="THETA_IGAIN"  value="-400"/>

    <define name="PSI_PGAIN"  value="-1000"/>
    <define name="PSI_DGAIN"  value="-350"/>
    <define name="PSI_IGAIN"  value="-10"/>

    <!-- feedforward -->
    <define name="PHI_DDGAIN"   value=" 300"/>
    <define name="THETA_DDGAIN" value=" 300"/>
    <define name="PSI_DDGAIN"   value=" 300"/>

  </section>

  <section name="INS" prefix="INS_">
    <define name="BARO_SENS" value="15." integer="16"/>
  </section>

 <section name="GUIDANCE_V" prefix="GUIDANCE_V_">
   <define name="MIN_ERR_Z"   value="POS_BFP_OF_REAL(-10.)"/>
   <define name="MAX_ERR_Z"   value="POS_BFP_OF_REAL( 10.)"/>
   <define name="MIN_ERR_ZD"  value="SPEED_BFP_OF_REAL(-10.)"/>
   <define name="MAX_ERR_ZD"  value="SPEED_BFP_OF_REAL( 10.)"/>
   <define name="MAX_SUM_ERR" value="2000000"/>
   <define name="HOVER_KP"    value="-500"/>
   <define name="HOVER_KD"    value="-200"/>
   <define name="HOVER_KI"    value="-100"/>
   <!-- 1.5m/s for full stick : BOOZ_SPEED_I_OF_F(1.5) / (MAX_PPRZ/2) -->
   <define name="RC_CLIMB_COEF" value ="163"/>
   <!-- BOOZ_SPEED_I_OF_F(1.5) * 20% -->
   <define name="RC_CLIMB_DEAD_BAND" value ="160000"/>
   <define name="INV_M" value ="0.2"/>
  </section>


 <section name="GUIDANCE_H" prefix="GUIDANCE_H_">
   <define name="PGAIN" value="-100"/>
   <define name="DGAIN" value="-100"/>
   <define name="IGAIN" value="-0"/>
 </section>

 <section name="MISC">
   <define name="FACE_REINJ_1"  value="1024"/>
 </section>


 <makefile>


ARCH=stm32
BOARD_CFG=\"boards/lisa_0.99.h\"
FLASH_MODE = JTAG

ap.CFLAGS += -DMODEM_BAUD=B57600

ap.CFLAGS += -DRADIO_CONTROL_SPEKTRUM_MODEL_H=\"subsystems/radio_control/spektrum_dx7eu.h\"
ap.CFLAGS += -DGPS_USE_LATLONG
ap.CFLAGS += -DGPS_PORT_ID=GPS_PORT_UART1

include $(PAPARAZZI_SRC)/conf/autopilot/booz2_common.makefile
include $(CFG_BOOZ)/booz2_autopilot.makefile

include $(CFG_BOOZ)/subsystems/booz2_radio_control_spektrum.makefile
include $(CFG_BOOZ)/subsystems/booz2_actuators_asctec_v2.makefile
include $(CFG_BOOZ)/subsystems/booz2_imu_b2v1_1.makefile
include $(CFG_BOOZ)/subsystems/booz_gps_ublox.makefile
include $(CFG_BOOZ)/subsystems/booz2_ahrs_cmpl.makefile


include $(PAPARAZZI_SRC)/conf/autopilot/lisa_test_progs.makefile


 </makefile>

</airframe>
