<!DOCTYPE module SYSTEM "module.dtd">
<!-- @define IR_I2C_READ_ONLY for read only module -->

<module name="ir_i2c" dir="sensors">
  <header>
    <file name="infrared_i2c.h"/>
  </header>
  <init fun="infrared_i2c_init()"/>
  <periodic fun="infrared_i2c_update()" freq="60."/>
  <!--periodic fun="infrared_i2cDownlink()" freq="1."/-->
  <event fun="infrared_i2cEvent()"/>
  <makefile>
    <define name="USE_INFRARED_TELEMETRY"/>
    <file name="infrared.c" dir="subsystems/sensors"/>
    <file name="infrared_i2c.c" dir="subsystems/sensors"/>
  </makefile>
  <makefile target="sim">
    <file_arch name="sim_ir.c" dir="."/>
  </makefile>
</module>

