<!DOCTYPE module SYSTEM "module.dtd">

<module name="ins">
  <!-- <depend conflict="ins" -->
  <!-- <depend require="gps_xsens" -->
  <header>
    <file name="ins_module.h"/>
  </header>
  <init fun="ins_init()"/>
  <periodic fun="ins_periodic_task()" freq="60"/>
  <makefile>
    <define name="USE_UART0"/>
    <define name="INS_LINK" value="Uart0"/>
    <define name="UART0_BAUD" value="B115200"/>
    <define name="USE_GPS_XSENS"/>
    <!-- calibrated, orientation, position, velocity, status -->
    <define name="XSENS_OUTPUT_MODE" value="0x0836"/>
    <!-- timestamp, euler, acc, rate, mag, float, no aux, NED -->
    <define name="XSENS_OUTPUT_SETTINGS" value="0x80000C05"/>
    <file name="ins_xsens.c"/>
  </makefile>
</module>

