<!DOCTYPE module SYSTEM "module.dtd">

<module name="light">
  <header>
    <file name="light.h"/>
  </header>
  <init fun="init_light()"/>
  <periodic fun="periodic_light()" period="0.05" autorun="TRUE"/>
  <makefile>

<!-- these configureeters should be set in the airframe file unless you want the defaults
    <define name="LIGHT_LED_STROBE" value="3"/>
    <define name="LIGHT_LED_NAV" value="4"/>

    <define name="STROBE_LIGHT_MODE_DEFAULT" value="5"/>
    <define name="NAV_LIGHT_MODE_DEFAULT" value="4"/>
-->

    <file name="light.c"/>
  </makefile>
</module>

