<!DOCTYPE module SYSTEM "module.dtd">

<!--
  
  Pressure Board Navarro (2010)

  by Matthieu Navarro

  combine differential and absolute pressure sensor (ETS raw sensors)
  controlled by a dspic
  return scaled values over I2C

-->

<module name="pbn" dir="sensors">
  
  <header>
    <file name="pressure_board_navarro.h"/>
  </header>
  <init fun="pbn_init()"/>
  <periodic fun="pbn_periodic()" freq="10"/>
  <event fun="PbnEvent()"/>

  <makefile> 
    <file name="pressure_board_navarro.c"/> 
  </makefile>

</module>

