<!DOCTYPE module SYSTEM "module.dtd">

<module name="servo_switch">
  <header>
    <file name="servo_switch.h"/>
  </header>
  <init fun="servo_switch_init()"/>
  <periodic fun="servo_switch_periodic()" freq="10."/>
  <makefile target="ap|sim|jsbsim">

<!-- these parameters should be set for that module in the airframe file unless you want the defaults
     Servo value in usec
    <define name="SERVO_SWITCH_ON_VALUE"  value="2000"/>
    <define name="SERVO_SWITCH_OFF_VALUE" value="1000"/>
    <define name="SERVO_SWITCH_SERVO"     value="SERVO_SWITCH"/>
-->

    <file name="servo_switch.c"/>
  </makefile>
</module>

