<?xml version="1.0"?>

<PropertyList>

 <path>Malolo1.ac</path>
 <offsets>
   <z-m>-0.01</z-m>
   <pitch-deg>0.2</pitch-deg>
 </offsets>

 <animation>
  <type>rotate</type>
  <object-name>rhelevon</object-name>
  <property>controls/flight/elevator</property>
  <factor>15</factor>
  <offset-deg>0</offset-deg>   
  <center>
   <x-m>0.65</x-m>
   <y-m>1.4</y-m>
   <z-m>0.07</z-m>
  </center>
  <axis>
   <x>0.215</x>
   <y>1</y>
   <z>0.056</z>
  </axis>
 </animation>

 <animation>
  <type>rotate</type>
  <object-name>rhelevon</object-name>
  <property>controls/flight/aileron</property>
  <factor>-15</factor>
  <offset-deg>0</offset-deg>   
  <center>
   <x-m>0.65</x-m>
   <y-m>1.4</y-m>
   <z-m>0.07</z-m>
  </center>
  <axis>
   <x>0.215</x>
   <y>1</y>
   <z>0.056</z>
  </axis>
 </animation>

 <animation>
  <type>rotate</type>
  <object-name>lhelevon</object-name>
  <property>controls/flight/elevator</property>
  <factor>15</factor>
  <offset-deg>0</offset-deg>   
  <center>
   <x-m>0.65</x-m>
   <y-m>-1.4</y-m>
   <z-m>0.07</z-m>
  </center>
  <axis>
   <x>-0.215</x>
   <y>1</y>
   <z>-0.056</z>
  </axis>
 </animation>

 <animation>
  <type>rotate</type>
  <object-name>lhelevon</object-name>
  <property>controls/flight/aileron</property>
  <factor>15</factor>
  <offset-deg>0</offset-deg>   
  <center>
   <x-m>0.65</x-m>
   <y-m>-1.4</y-m>
   <z-m>0.07</z-m>
  </center>
  <axis>
   <x>-0.215</x>
   <y>1</y>
   <z>-0.056</z>
  </axis>
 </animation>


 <animation>
  <type>spin</type>
  <object-name>prop2</object-name>
  <property>engines/engine/rpm</property>
  <factor>-0.2</factor>   
  <center>
   <x-m>0</x-m>
   <y-m>0</y-m>
   <z-m>0.0156</z-m>
  </center>
  <axis>
   <x>1</x>
   <y>0</y>
   <z>0</z>
  </axis>
 </animation>


  
</PropertyList>
